cv.borderInterpolate,int,p,len,borderType
cv.copyMakeBorder,void,src,dst,top,bottom,left,right,borderType,value
cv.copyMakeBorder,void,src,dst,top,bottom,left,right,borderType,value
cv.add,void,src1,src2,dst,mask,dtype
cv.add,void,src1,src2,dst,mask,dtype
cv.subtract,void,src1,src2,dst,mask,dtype
cv.subtract,void,src1,src2,dst,mask,dtype
cv.multiply,void,src1,src2,dst,scale,dtype
cv.multiply,void,src1,src2,dst,scale,dtype
cv.divide,void,src1,src2,dst,scale,dtype
cv.divide,void,src1,src2,dst,scale,dtype
cv.divide,void,scale,src2,dst,dtype
cv.divide,void,scale,src2,dst,dtype
cv.scaleAdd,void,src1,alpha,src2,dst
cv.scaleAdd,void,src1,alpha,src2,dst
cv.addWeighted,void,src1,alpha,src2,beta,gamma,dst,dtype
cv.addWeighted,void,src1,alpha,src2,beta,gamma,dst,dtype
cv.convertScaleAbs,void,src,dst,alpha,beta
cv.convertScaleAbs,void,src,dst,alpha,beta
cv.convertFp16,void,src,dst
cv.convertFp16,void,src,dst
cv.LUT,void,src,lut,dst
cv.LUT,void,src,lut,dst
cv.sum,Scalar,src
cv.sum,Scalar,src
cv.countNonZero,int,src
cv.countNonZero,int,src
cv.findNonZero,void,src,idx
cv.findNonZero,void,src,idx
cv.mean,Scalar,src,mask
cv.mean,Scalar,src,mask
cv.meanStdDev,void,src,mean,stddev,mask
cv.meanStdDev,void,src,mean,stddev,mask
cv.norm,double,src1,normType,mask
cv.norm,double,src1,normType,mask
cv.norm,double,src1,src2,normType,mask
cv.norm,double,src1,src2,normType,mask
cv.PSNR,double,src1,src2,R
cv.PSNR,double,src1,src2,R
cv.batchDistance,void,src1,src2,dist,dtype,nidx,normType,K,mask,update,crosscheck
cv.batchDistance,void,src1,src2,dist,dtype,nidx,normType,K,mask,update,crosscheck
cv.normalize,void,src,dst,alpha,beta,norm_type,dtype,mask
cv.normalize,void,src,dst,alpha,beta,norm_type,dtype,mask
cv.minMaxLoc,void,src,minVal,maxVal,minLoc,maxLoc,mask
cv.minMaxLoc,void,src,minVal,maxVal,minLoc,maxLoc,mask
cv.reduce,void,src,dst,dim,rtype,dtype
cv.reduce,void,src,dst,dim,rtype,dtype
cv.merge,void,mv,dst
cv.merge,void,mv,dst
cv.split,void,m,mv
cv.split,void,m,mv
cv.mixChannels,void,src,dst,fromTo
cv.mixChannels,void,src,dst,fromTo
cv.extractChannel,void,src,dst,coi
cv.extractChannel,void,src,dst,coi
cv.insertChannel,void,src,dst,coi
cv.insertChannel,void,src,dst,coi
cv.flip,void,src,dst,flipCode
cv.flip,void,src,dst,flipCode
cv.rotate,void,src,dst,rotateCode
cv.rotate,void,src,dst,rotateCode
cv.repeat,void,src,ny,nx,dst
cv.repeat,void,src,ny,nx,dst
cv.hconcat,void,src,dst
cv.hconcat,void,src,dst
cv.vconcat,void,src,dst
cv.vconcat,void,src,dst
cv.bitwise_and,void,src1,src2,dst,mask
cv.bitwise_and,void,src1,src2,dst,mask
cv.bitwise_or,void,src1,src2,dst,mask
cv.bitwise_or,void,src1,src2,dst,mask
cv.bitwise_xor,void,src1,src2,dst,mask
cv.bitwise_xor,void,src1,src2,dst,mask
cv.bitwise_not,void,src,dst,mask
cv.bitwise_not,void,src,dst,mask
cv.absdiff,void,src1,src2,dst
cv.absdiff,void,src1,src2,dst
cv.copyTo,void,src,dst,mask
cv.copyTo,void,src,dst,mask
cv.inRange,void,src,lowerb,upperb,dst
cv.inRange,void,src,lowerb,upperb,dst
cv.compare,void,src1,src2,dst,cmpop
cv.compare,void,src1,src2,dst,cmpop
cv.min,void,src1,src2,dst
cv.min,void,src1,src2,dst
cv.max,void,src1,src2,dst
cv.max,void,src1,src2,dst
cv.sqrt,void,src,dst
cv.sqrt,void,src,dst
cv.pow,void,src,power,dst
cv.pow,void,src,power,dst
cv.exp,void,src,dst
cv.exp,void,src,dst
cv.log,void,src,dst
cv.log,void,src,dst
cv.polarToCart,void,magnitude,angle,x,y,angleInDegrees
cv.polarToCart,void,magnitude,angle,x,y,angleInDegrees
cv.cartToPolar,void,x,y,magnitude,angle,angleInDegrees
cv.cartToPolar,void,x,y,magnitude,angle,angleInDegrees
cv.phase,void,x,y,angle,angleInDegrees
cv.phase,void,x,y,angle,angleInDegrees
cv.magnitude,void,x,y,magnitude
cv.magnitude,void,x,y,magnitude
cv.checkRange,bool,a,quiet,pos,minVal,maxVal
cv.checkRange,bool,a,quiet,pos,minVal,maxVal
cv.patchNaNs,void,a,val
cv.patchNaNs,void,a,val
cv.gemm,void,src1,src2,alpha,src3,beta,dst,flags
cv.gemm,void,src1,src2,alpha,src3,beta,dst,flags
cv.mulTransposed,void,src,dst,aTa,delta,scale,dtype
cv.mulTransposed,void,src,dst,aTa,delta,scale,dtype
cv.transpose,void,src,dst
cv.transpose,void,src,dst
cv.transform,void,src,dst,m
cv.transform,void,src,dst,m
cv.perspectiveTransform,void,src,dst,m
cv.perspectiveTransform,void,src,dst,m
cv.completeSymm,void,m,lowerToUpper
cv.completeSymm,void,m,lowerToUpper
cv.setIdentity,void,mtx,s
cv.setIdentity,void,mtx,s
cv.determinant,double,mtx
cv.determinant,double,mtx
cv.trace,Scalar,mtx
cv.trace,Scalar,mtx
cv.invert,double,src,dst,flags
cv.invert,double,src,dst,flags
cv.solve,bool,src1,src2,dst,flags
cv.solve,bool,src1,src2,dst,flags
cv.sort,void,src,dst,flags
cv.sort,void,src,dst,flags
cv.sortIdx,void,src,dst,flags
cv.sortIdx,void,src,dst,flags
cv.solveCubic,int,coeffs,roots
cv.solveCubic,int,coeffs,roots
cv.solvePoly,double,coeffs,roots,maxIters
cv.solvePoly,double,coeffs,roots,maxIters
cv.eigen,bool,src,eigenvalues,eigenvectors
cv.eigen,bool,src,eigenvalues,eigenvectors
cv.eigenNonSymmetric,void,src,eigenvalues,eigenvectors
cv.eigenNonSymmetric,void,src,eigenvalues,eigenvectors
cv.calcCovarMatrix,void,samples,covar,mean,flags,ctype
cv.calcCovarMatrix,void,samples,covar,mean,flags,ctype
cv.PCACompute,void,data,mean,eigenvectors,maxComponents
cv.PCACompute,void,data,mean,eigenvectors,maxComponents
cv.PCACompute,void,data,mean,eigenvectors,eigenvalues,maxComponents
cv.PCACompute,void,data,mean,eigenvectors,eigenvalues,maxComponents
cv.PCACompute,void,data,mean,eigenvectors,retainedVariance
cv.PCACompute,void,data,mean,eigenvectors,retainedVariance
cv.PCACompute,void,data,mean,eigenvectors,eigenvalues,retainedVariance
cv.PCACompute,void,data,mean,eigenvectors,eigenvalues,retainedVariance
cv.PCAProject,void,data,mean,eigenvectors,result
cv.PCAProject,void,data,mean,eigenvectors,result
cv.PCABackProject,void,data,mean,eigenvectors,result
cv.PCABackProject,void,data,mean,eigenvectors,result
cv.SVDecomp,void,src,w,u,vt,flags
cv.SVDecomp,void,src,w,u,vt,flags
cv.SVBackSubst,void,w,u,vt,rhs,dst
cv.SVBackSubst,void,w,u,vt,rhs,dst
cv.Mahalanobis,double,v1,v2,icovar
cv.Mahalanobis,double,v1,v2,icovar
cv.dft,void,src,dst,flags,nonzeroRows
cv.dft,void,src,dst,flags,nonzeroRows
cv.idft,void,src,dst,flags,nonzeroRows
cv.idft,void,src,dst,flags,nonzeroRows
cv.dct,void,src,dst,flags
cv.dct,void,src,dst,flags
cv.idct,void,src,dst,flags
cv.idct,void,src,dst,flags
cv.mulSpectrums,void,a,b,c,flags,conjB
cv.mulSpectrums,void,a,b,c,flags,conjB
cv.getOptimalDFTSize,int,vecsize
cv.setRNGSeed,void,seed
cv.randu,void,dst,low,high
cv.randu,void,dst,low,high
cv.randn,void,dst,mean,stddev
cv.randn,void,dst,mean,stddev
cv.randShuffle,void,dst,iterFactor,rng
cv.randShuffle,void,dst,iterFactor,rng
cv.kmeans,double,data,K,bestLabels,criteria,attempts,flags,centers
cv.kmeans,double,data,K,bestLabels,criteria,attempts,flags,centers
cv.Algorithm.clear,void
cv.Algorithm.write,void,fs,name
cv.Algorithm.read,void,fn
cv.Algorithm.empty,bool
cv.Algorithm.save,void,filename
cv.Algorithm.getDefaultName,String
cv.AsyncArray.AsyncArray,
cv.AsyncArray.release,void
cv.AsyncArray.get,void,dst
cv.AsyncArray.get,void,dst
cv.AsyncArray.get,bool,dst,timeoutNs
cv.AsyncArray.get,bool,dst,timeoutNs
cv.AsyncArray.wait_for,bool,timeoutNs
cv.AsyncArray.valid,bool
cv.cubeRoot,float,val
cv.fastAtan2,float,y,x
cv.ipp.useIPP,bool
cv.ipp.setUseIPP,void,flag
cv.ipp.getIppVersion,String
cv.ipp.useIPP_NotExact,bool
cv.ipp.setUseIPP_NotExact,void,flag
cv.utils.dumpInputArray,String,argument
cv.utils.dumpInputArray,String,argument
cv.utils.dumpInputArrayOfArrays,String,argument
cv.utils.dumpInputArrayOfArrays,String,argument
cv.utils.dumpInputOutputArray,String,argument
cv.utils.dumpInputOutputArray,String,argument
cv.utils.dumpInputOutputArrayOfArrays,String,argument
cv.utils.dumpInputOutputArrayOfArrays,String,argument
cv.utils.dumpBool,String,argument
cv.utils.dumpInt,String,argument
cv.utils.dumpSizeT,String,argument
cv.utils.dumpFloat,String,argument
cv.utils.dumpDouble,String,argument
cv.utils.dumpCString,String,argument
cv.utils.testAsyncArray,AsyncArray,argument
cv.utils.testAsyncArray,AsyncArray,argument
cv.utils.testAsyncException,AsyncArray
cv.cuda.GpuMat.defaultAllocator,GpuMat_Allocator*
cv.cuda.GpuMat.setDefaultAllocator,void,allocator
cv.cuda.GpuMat.GpuMat,explicit,allocator
cv.cuda.GpuMat.GpuMat,,rows,cols,type,allocator
cv.cuda.GpuMat.GpuMat,,size,type,allocator
cv.cuda.GpuMat.GpuMat,,rows,cols,type,s,allocator
cv.cuda.GpuMat.GpuMat,,size,type,s,allocator
cv.cuda.GpuMat.GpuMat,,m
cv.cuda.GpuMat.GpuMat,,m,rowRange,colRange
cv.cuda.GpuMat.GpuMat,,m,roi
cv.cuda.GpuMat.GpuMat,explicit,arr,allocator
cv.cuda.GpuMat.GpuMat,explicit,arr,allocator
cv.cuda.GpuMat.GpuMat,explicit,arr,allocator
cv.cuda.GpuMat.create,void,rows,cols,type
cv.cuda.GpuMat.create,void,size,type
cv.cuda.GpuMat.swap,void,mat
cv.cuda.GpuMat.upload,void,arr
cv.cuda.GpuMat.upload,void,arr
cv.cuda.GpuMat.upload,void,arr
cv.cuda.GpuMat.upload,void,arr,stream
cv.cuda.GpuMat.upload,void,arr,stream
cv.cuda.GpuMat.upload,void,arr,stream
cv.cuda.GpuMat.download,void,dst
cv.cuda.GpuMat.download,void,dst
cv.cuda.GpuMat.download,void,dst
cv.cuda.GpuMat.download,void,dst,stream
cv.cuda.GpuMat.download,void,dst,stream
cv.cuda.GpuMat.download,void,dst,stream
cv.cuda.GpuMat.clone,GpuMat
cv.cuda.GpuMat.copyTo,void,dst
cv.cuda.GpuMat.copyTo,void,dst
cv.cuda.GpuMat.copyTo,void,dst
cv.cuda.GpuMat.copyTo,void,dst,stream
cv.cuda.GpuMat.copyTo,void,dst,stream
cv.cuda.GpuMat.copyTo,void,dst,stream
cv.cuda.GpuMat.copyTo,void,dst,mask
cv.cuda.GpuMat.copyTo,void,dst,mask
cv.cuda.GpuMat.copyTo,void,dst,mask
cv.cuda.GpuMat.copyTo,void,dst,mask,stream
cv.cuda.GpuMat.copyTo,void,dst,mask,stream
cv.cuda.GpuMat.copyTo,void,dst,mask,stream
cv.cuda.GpuMat.setTo,GpuMat,s
cv.cuda.GpuMat.setTo,GpuMat,s,stream
cv.cuda.GpuMat.setTo,GpuMat,s,mask
cv.cuda.GpuMat.setTo,GpuMat,s,mask
cv.cuda.GpuMat.setTo,GpuMat,s,mask
cv.cuda.GpuMat.setTo,GpuMat,s,mask,stream
cv.cuda.GpuMat.setTo,GpuMat,s,mask,stream
cv.cuda.GpuMat.setTo,GpuMat,s,mask,stream
cv.cuda.GpuMat.convertTo,void,dst,rtype
cv.cuda.GpuMat.convertTo,void,dst,rtype
cv.cuda.GpuMat.convertTo,void,dst,rtype
cv.cuda.GpuMat.convertTo,void,dst,rtype,stream
cv.cuda.GpuMat.convertTo,void,dst,rtype,stream
cv.cuda.GpuMat.convertTo,void,dst,rtype,stream
cv.cuda.GpuMat.convertTo,void,dst,rtype,alpha,beta
cv.cuda.GpuMat.convertTo,void,dst,rtype,alpha,beta
cv.cuda.GpuMat.convertTo,void,dst,rtype,alpha,beta
cv.cuda.GpuMat.convertTo,void,dst,rtype,alpha,stream
cv.cuda.GpuMat.convertTo,void,dst,rtype,alpha,stream
cv.cuda.GpuMat.convertTo,void,dst,rtype,alpha,stream
cv.cuda.GpuMat.convertTo,void,dst,rtype,alpha,beta,stream
cv.cuda.GpuMat.convertTo,void,dst,rtype,alpha,beta,stream
cv.cuda.GpuMat.convertTo,void,dst,rtype,alpha,beta,stream
cv.cuda.GpuMat.assignTo,void,m,type
cv.cuda.GpuMat.row,GpuMat,y
cv.cuda.GpuMat.col,GpuMat,x
cv.cuda.GpuMat.rowRange,GpuMat,startrow,endrow
cv.cuda.GpuMat.rowRange,GpuMat,r
cv.cuda.GpuMat.colRange,GpuMat,startcol,endcol
cv.cuda.GpuMat.colRange,GpuMat,r
cv.cuda.GpuMat.reshape,GpuMat,cn,rows
cv.cuda.GpuMat.locateROI,void,wholeSize,ofs
cv.cuda.GpuMat.adjustROI,GpuMat,dtop,dbottom,dleft,dright
cv.cuda.GpuMat.isContinuous,bool
cv.cuda.GpuMat.elemSize,size_t
cv.cuda.GpuMat.elemSize1,size_t
cv.cuda.GpuMat.type,int
cv.cuda.GpuMat.depth,int
cv.cuda.GpuMat.channels,int
cv.cuda.GpuMat.step1,size_t
cv.cuda.GpuMat.size,Size
cv.cuda.GpuMat.empty,bool
cv.cuda.GpuMat.cudaPtr,void*
cv.cuda.GpuMat.updateContinuityFlag,void
cv.cuda.createContinuous,void,rows,cols,type,arr
cv.cuda.createContinuous,void,rows,cols,type,arr
cv.cuda.createContinuous,void,rows,cols,type,arr
cv.cuda.ensureSizeIsEnough,void,rows,cols,type,arr
cv.cuda.ensureSizeIsEnough,void,rows,cols,type,arr
cv.cuda.ensureSizeIsEnough,void,rows,cols,type,arr
cv.cuda.BufferPool.getBuffer,GpuMat,rows,cols,type
cv.cuda.BufferPool.getBuffer,GpuMat,size,type
cv.cuda.BufferPool.getAllocator,Ptr_GpuMat_Allocator
cv.cuda.setBufferPoolUsage,void,on
cv.cuda.setBufferPoolConfig,void,deviceId,stackSize,stackCount
cv.cuda.HostMem.HostMem,explicit,alloc_type
cv.cuda.HostMem.HostMem,,rows,cols,type,alloc_type
cv.cuda.HostMem.HostMem,,size,type,alloc_type
cv.cuda.HostMem.HostMem,explicit,arr,alloc_type
cv.cuda.HostMem.HostMem,explicit,arr,alloc_type
cv.cuda.HostMem.HostMem,explicit,arr,alloc_type
cv.cuda.HostMem.swap,void,b
cv.cuda.HostMem.clone,HostMem
cv.cuda.HostMem.create,void,rows,cols,type
cv.cuda.HostMem.reshape,HostMem,cn,rows
cv.cuda.HostMem.createMatHeader,Mat
cv.cuda.HostMem.isContinuous,bool
cv.cuda.HostMem.elemSize,size_t
cv.cuda.HostMem.elemSize1,size_t
cv.cuda.HostMem.type,int
cv.cuda.HostMem.depth,int
cv.cuda.HostMem.channels,int
cv.cuda.HostMem.step1,size_t
cv.cuda.HostMem.size,Size
cv.cuda.HostMem.empty,bool
cv.cuda.registerPageLocked,void,m
cv.cuda.registerPageLocked,void,m
cv.cuda.registerPageLocked,void,m
cv.cuda.unregisterPageLocked,void,m
cv.cuda.unregisterPageLocked,void,m
cv.cuda.unregisterPageLocked,void,m
cv.cuda.Stream.Stream,
cv.cuda.Stream.Stream,,allocator
cv.cuda.Stream.queryIfComplete,bool
cv.cuda.Stream.waitForCompletion,void
cv.cuda.Stream.waitEvent,void,event
cv.cuda.Stream.Null,Stream
cv.cuda.Stream.cudaPtr,void*
cv.cuda.Event.Event,explicit,flags
cv.cuda.Event.record,void,stream
cv.cuda.Event.queryIfComplete,bool
cv.cuda.Event.waitForCompletion,void
cv.cuda.Event.elapsedTime,float,start,end
cv.cuda.getCudaEnabledDeviceCount,int
cv.cuda.setDevice,void,device
cv.cuda.getDevice,int
cv.cuda.resetDevice,void
cv.cuda.TargetArchs.has,bool,major,minor
cv.cuda.TargetArchs.hasPtx,bool,major,minor
cv.cuda.TargetArchs.hasBin,bool,major,minor
cv.cuda.TargetArchs.hasEqualOrLessPtx,bool,major,minor
cv.cuda.TargetArchs.hasEqualOrGreater,bool,major,minor
cv.cuda.TargetArchs.hasEqualOrGreaterPtx,bool,major,minor
cv.cuda.TargetArchs.hasEqualOrGreaterBin,bool,major,minor
cv.cuda.DeviceInfo.DeviceInfo,
cv.cuda.DeviceInfo.DeviceInfo,,device_id
cv.cuda.DeviceInfo.deviceID,int
cv.cuda.DeviceInfo.totalGlobalMem,size_t
cv.cuda.DeviceInfo.sharedMemPerBlock,size_t
cv.cuda.DeviceInfo.regsPerBlock,int
cv.cuda.DeviceInfo.warpSize,int
cv.cuda.DeviceInfo.memPitch,size_t
cv.cuda.DeviceInfo.maxThreadsPerBlock,int
cv.cuda.DeviceInfo.maxThreadsDim,Vec3i
cv.cuda.DeviceInfo.maxGridSize,Vec3i
cv.cuda.DeviceInfo.clockRate,int
cv.cuda.DeviceInfo.totalConstMem,size_t
cv.cuda.DeviceInfo.majorVersion,int
cv.cuda.DeviceInfo.minorVersion,int
cv.cuda.DeviceInfo.textureAlignment,size_t
cv.cuda.DeviceInfo.texturePitchAlignment,size_t
cv.cuda.DeviceInfo.multiProcessorCount,int
cv.cuda.DeviceInfo.kernelExecTimeoutEnabled,bool
cv.cuda.DeviceInfo.integrated,bool
cv.cuda.DeviceInfo.canMapHostMemory,bool
cv.cuda.DeviceInfo.computeMode,DeviceInfo_ComputeMode
cv.cuda.DeviceInfo.maxTexture1D,int
cv.cuda.DeviceInfo.maxTexture1DMipmap,int
cv.cuda.DeviceInfo.maxTexture1DLinear,int
cv.cuda.DeviceInfo.maxTexture2D,Vec2i
cv.cuda.DeviceInfo.maxTexture2DMipmap,Vec2i
cv.cuda.DeviceInfo.maxTexture2DLinear,Vec3i
cv.cuda.DeviceInfo.maxTexture2DGather,Vec2i
cv.cuda.DeviceInfo.maxTexture3D,Vec3i
cv.cuda.DeviceInfo.maxTextureCubemap,int
cv.cuda.DeviceInfo.maxTexture1DLayered,Vec2i
cv.cuda.DeviceInfo.maxTexture2DLayered,Vec3i
cv.cuda.DeviceInfo.maxTextureCubemapLayered,Vec2i
cv.cuda.DeviceInfo.maxSurface1D,int
cv.cuda.DeviceInfo.maxSurface2D,Vec2i
cv.cuda.DeviceInfo.maxSurface3D,Vec3i
cv.cuda.DeviceInfo.maxSurface1DLayered,Vec2i
cv.cuda.DeviceInfo.maxSurface2DLayered,Vec3i
cv.cuda.DeviceInfo.maxSurfaceCubemap,int
cv.cuda.DeviceInfo.maxSurfaceCubemapLayered,Vec2i
cv.cuda.DeviceInfo.surfaceAlignment,size_t
cv.cuda.DeviceInfo.concurrentKernels,bool
cv.cuda.DeviceInfo.ECCEnabled,bool
cv.cuda.DeviceInfo.pciBusID,int
cv.cuda.DeviceInfo.pciDeviceID,int
cv.cuda.DeviceInfo.pciDomainID,int
cv.cuda.DeviceInfo.tccDriver,bool
cv.cuda.DeviceInfo.asyncEngineCount,int
cv.cuda.DeviceInfo.unifiedAddressing,bool
cv.cuda.DeviceInfo.memoryClockRate,int
cv.cuda.DeviceInfo.memoryBusWidth,int
cv.cuda.DeviceInfo.l2CacheSize,int
cv.cuda.DeviceInfo.maxThreadsPerMultiProcessor,int
cv.cuda.DeviceInfo.queryMemory,void,totalMemory,freeMemory
cv.cuda.DeviceInfo.freeMemory,size_t
cv.cuda.DeviceInfo.totalMemory,size_t
cv.cuda.DeviceInfo.isCompatible,bool
cv.cuda.printCudaDeviceInfo,void,device
cv.cuda.printShortCudaDeviceInfo,void,device
cv.ocl.haveOpenCL,bool
cv.ocl.useOpenCL,bool
cv.ocl.haveAmdBlas,bool
cv.ocl.haveAmdFft,bool
cv.ocl.setUseOpenCL,void,flag
cv.ocl.finish,void
cv.ocl.Device.Device,
cv.ocl.Device.name,String
cv.ocl.Device.extensions,String
cv.ocl.Device.isExtensionSupported,bool,extensionName
cv.ocl.Device.version,String
cv.ocl.Device.vendorName,String
cv.ocl.Device.OpenCL_C_Version,String
cv.ocl.Device.OpenCLVersion,String
cv.ocl.Device.deviceVersionMajor,int
cv.ocl.Device.deviceVersionMinor,int
cv.ocl.Device.driverVersion,String
cv.ocl.Device.type,int
cv.ocl.Device.addressBits,int
cv.ocl.Device.available,bool
cv.ocl.Device.compilerAvailable,bool
cv.ocl.Device.linkerAvailable,bool
cv.ocl.Device.doubleFPConfig,int
cv.ocl.Device.singleFPConfig,int
cv.ocl.Device.halfFPConfig,int
cv.ocl.Device.endianLittle,bool
cv.ocl.Device.errorCorrectionSupport,bool
cv.ocl.Device.executionCapabilities,int
cv.ocl.Device.globalMemCacheSize,size_t
cv.ocl.Device.globalMemCacheType,int
cv.ocl.Device.globalMemCacheLineSize,int
cv.ocl.Device.globalMemSize,size_t
cv.ocl.Device.localMemSize,size_t
cv.ocl.Device.localMemType,int
cv.ocl.Device.hostUnifiedMemory,bool
cv.ocl.Device.imageSupport,bool
cv.ocl.Device.imageFromBufferSupport,bool
cv.ocl.Device.intelSubgroupsSupport,bool
cv.ocl.Device.image2DMaxWidth,size_t
cv.ocl.Device.image2DMaxHeight,size_t
cv.ocl.Device.image3DMaxWidth,size_t
cv.ocl.Device.image3DMaxHeight,size_t
cv.ocl.Device.image3DMaxDepth,size_t
cv.ocl.Device.imageMaxBufferSize,size_t
cv.ocl.Device.imageMaxArraySize,size_t
cv.ocl.Device.vendorID,int
cv.ocl.Device.isAMD,bool
cv.ocl.Device.isIntel,bool
cv.ocl.Device.isNVidia,bool
cv.ocl.Device.maxClockFrequency,int
cv.ocl.Device.maxComputeUnits,int
cv.ocl.Device.maxConstantArgs,int
cv.ocl.Device.maxConstantBufferSize,size_t
cv.ocl.Device.maxMemAllocSize,size_t
cv.ocl.Device.maxParameterSize,size_t
cv.ocl.Device.maxReadImageArgs,int
cv.ocl.Device.maxWriteImageArgs,int
cv.ocl.Device.maxSamplers,int
cv.ocl.Device.maxWorkGroupSize,size_t
cv.ocl.Device.maxWorkItemDims,int
cv.ocl.Device.memBaseAddrAlign,int
cv.ocl.Device.nativeVectorWidthChar,int
cv.ocl.Device.nativeVectorWidthShort,int
cv.ocl.Device.nativeVectorWidthInt,int
cv.ocl.Device.nativeVectorWidthLong,int
cv.ocl.Device.nativeVectorWidthFloat,int
cv.ocl.Device.nativeVectorWidthDouble,int
cv.ocl.Device.nativeVectorWidthHalf,int
cv.ocl.Device.preferredVectorWidthChar,int
cv.ocl.Device.preferredVectorWidthShort,int
cv.ocl.Device.preferredVectorWidthInt,int
cv.ocl.Device.preferredVectorWidthLong,int
cv.ocl.Device.preferredVectorWidthFloat,int
cv.ocl.Device.preferredVectorWidthDouble,int
cv.ocl.Device.preferredVectorWidthHalf,int
cv.ocl.Device.printfBufferSize,size_t
cv.ocl.Device.profilingTimerResolution,size_t
cv.ocl.Device.getDefault,Device
cv.solveLP,int,Func,Constr,z
cv.solveLP,int,Func,Constr,z
cv.haveOpenVX,bool
cv.useOpenVX,bool
cv.setUseOpenVX,void,flag
cv.FileStorage.FileStorage,
cv.FileStorage.FileStorage,,filename,flags,encoding
cv.FileStorage.open,bool,filename,flags,encoding
cv.FileStorage.isOpened,bool
cv.FileStorage.release,void
cv.FileStorage.releaseAndGetString,String
cv.FileStorage.getFirstTopLevelNode,FileNode
cv.FileStorage.root,FileNode,streamidx
cv.FileStorage.operator[],FileNode,nodename
cv.FileStorage.write,void,name,val
cv.FileStorage.write,void,name,val
cv.FileStorage.write,void,name,val
cv.FileStorage.write,void,name,val
cv.FileStorage.write,void,name,val
cv.FileStorage.write,void,name,val
cv.FileStorage.writeComment,void,comment,append
cv.FileStorage.startWriteStruct,void,name,flags,typeName
cv.FileStorage.endWriteStruct,void
cv.FileStorage.getFormat,int
cv.FileNode.FileNode,
cv.FileNode.operator[],FileNode,nodename
cv.FileNode.operator[],FileNode,i
cv.FileNode.keys,vector_String
cv.FileNode.type,int
cv.FileNode.empty,bool
cv.FileNode.isNone,bool
cv.FileNode.isSeq,bool
cv.FileNode.isMap,bool
cv.FileNode.isInt,bool
cv.FileNode.isReal,bool
cv.FileNode.isString,bool
cv.FileNode.isNamed,bool
cv.FileNode.name,string
cv.FileNode.size,size_t
cv.FileNode.rawSize,size_t
cv.FileNode.real,double
cv.FileNode.string,string
cv.FileNode.mat,Mat
cv.KeyPoint.KeyPoint,
cv.KeyPoint.KeyPoint,,x,y,_size,_angle,_response,_octave,_class_id
cv.KeyPoint.convert,void,keypoints,points2f,keypointIndexes
cv.KeyPoint.convert,void,points2f,keypoints,size,response,octave,class_id
cv.KeyPoint.overlap,float,kp1,kp2
cv.DMatch.DMatch,
cv.DMatch.DMatch,,_queryIdx,_trainIdx,_distance
cv.DMatch.DMatch,,_queryIdx,_trainIdx,_imgIdx,_distance
cv.setNumThreads,void,nthreads
cv.getNumThreads,int
cv.getThreadNum,int
cv.getBuildInformation,String
cv.getVersionString,String
cv.getVersionMajor,int
cv.getVersionMinor,int
cv.getVersionRevision,int
cv.getTickCount,int64
cv.getTickFrequency,double
cv.TickMeter.TickMeter,
cv.TickMeter.start,void
cv.TickMeter.stop,void
cv.TickMeter.getTimeTicks,int64
cv.TickMeter.getTimeMicro,double
cv.TickMeter.getTimeMilli,double
cv.TickMeter.getTimeSec,double
cv.TickMeter.getCounter,int64
cv.TickMeter.getFPS,double
cv.TickMeter.getAvgTimeSec,double
cv.TickMeter.getAvgTimeMilli,double
cv.TickMeter.reset,void
cv.getCPUTickCount,int64
cv.checkHardwareSupport,bool,feature
cv.getHardwareFeatureName,String,feature
cv.getCPUFeaturesLine,string
cv.getNumberOfCPUs,int
cv.setUseOptimized,void,onoff
cv.useOptimized,bool
cv.samples.findFile,String,relative_path,required,silentMode
cv.samples.findFileOrKeep,String,relative_path,silentMode
cv.samples.addSamplesDataSearchPath,void,path
cv.samples.addSamplesDataSearchSubDirectory,void,subdir
cv.UMat.UMat,,usageFlags
cv.UMat.UMat,,rows,cols,type,usageFlags
cv.UMat.UMat,,size,type,usageFlags
cv.UMat.UMat,,rows,cols,type,s,usageFlags
cv.UMat.UMat,,size,type,s,usageFlags
can only concatenate str (not "NoneType") to str
cv.UMat.queue,void*
cv.UMat.context,void*
cv.UMat.UMat,,m
cv.UMat.UMat,,m,rowRange,colRange
cv.UMat.UMat,,m,roi
cv.UMat.UMat,,m,ranges
cv.UMat.get,Mat
cv.UMat.isContinuous,bool
cv.UMat.isSubmatrix,bool
cv.UMat.handle,void*,accessFlags
cv.GeneralizedHough.setTemplate,void,templ,templCenter
cv.GeneralizedHough.setTemplate,void,templ,templCenter
cv.GeneralizedHough.setTemplate,void,edges,dx,dy,templCenter
cv.GeneralizedHough.setTemplate,void,edges,dx,dy,templCenter
cv.GeneralizedHough.detect,void,image,positions,votes
cv.GeneralizedHough.detect,void,image,positions,votes
cv.GeneralizedHough.detect,void,edges,dx,dy,positions,votes
cv.GeneralizedHough.detect,void,edges,dx,dy,positions,votes
cv.GeneralizedHough.setCannyLowThresh,void,cannyLowThresh
cv.GeneralizedHough.getCannyLowThresh,int
cv.GeneralizedHough.setCannyHighThresh,void,cannyHighThresh
cv.GeneralizedHough.getCannyHighThresh,int
cv.GeneralizedHough.setMinDist,void,minDist
cv.GeneralizedHough.getMinDist,double
cv.GeneralizedHough.setDp,void,dp
cv.GeneralizedHough.getDp,double
cv.GeneralizedHough.setMaxBufferSize,void,maxBufferSize
cv.GeneralizedHough.getMaxBufferSize,int
cv.GeneralizedHoughBallard.setLevels,void,levels
cv.GeneralizedHoughBallard.getLevels,int
cv.GeneralizedHoughBallard.setVotesThreshold,void,votesThreshold
cv.GeneralizedHoughBallard.getVotesThreshold,int
cv.GeneralizedHoughGuil.setXi,void,xi
cv.GeneralizedHoughGuil.getXi,double
cv.GeneralizedHoughGuil.setLevels,void,levels
cv.GeneralizedHoughGuil.getLevels,int
cv.GeneralizedHoughGuil.setAngleEpsilon,void,angleEpsilon
cv.GeneralizedHoughGuil.getAngleEpsilon,double
cv.GeneralizedHoughGuil.setMinAngle,void,minAngle
cv.GeneralizedHoughGuil.getMinAngle,double
cv.GeneralizedHoughGuil.setMaxAngle,void,maxAngle
cv.GeneralizedHoughGuil.getMaxAngle,double
cv.GeneralizedHoughGuil.setAngleStep,void,angleStep
cv.GeneralizedHoughGuil.getAngleStep,double
cv.GeneralizedHoughGuil.setAngleThresh,void,angleThresh
cv.GeneralizedHoughGuil.getAngleThresh,int
cv.GeneralizedHoughGuil.setMinScale,void,minScale
cv.GeneralizedHoughGuil.getMinScale,double
cv.GeneralizedHoughGuil.setMaxScale,void,maxScale
cv.GeneralizedHoughGuil.getMaxScale,double
cv.GeneralizedHoughGuil.setScaleStep,void,scaleStep
cv.GeneralizedHoughGuil.getScaleStep,double
cv.GeneralizedHoughGuil.setScaleThresh,void,scaleThresh
cv.GeneralizedHoughGuil.getScaleThresh,int
cv.GeneralizedHoughGuil.setPosThresh,void,posThresh
cv.GeneralizedHoughGuil.getPosThresh,int
cv.CLAHE.apply,void,src,dst
cv.CLAHE.apply,void,src,dst
cv.CLAHE.setClipLimit,void,clipLimit
cv.CLAHE.getClipLimit,double
cv.CLAHE.setTilesGridSize,void,tileGridSize
cv.CLAHE.getTilesGridSize,Size
cv.CLAHE.collectGarbage,void
cv.Subdiv2D.Subdiv2D,
cv.Subdiv2D.Subdiv2D,,rect
cv.Subdiv2D.initDelaunay,void,rect
cv.Subdiv2D.insert,int,pt
cv.Subdiv2D.insert,void,ptvec
cv.Subdiv2D.locate,int,pt,edge,vertex
cv.Subdiv2D.findNearest,int,pt,nearestPt
cv.Subdiv2D.getEdgeList,void,edgeList
cv.Subdiv2D.getLeadingEdgeList,void,leadingEdgeList
cv.Subdiv2D.getTriangleList,void,triangleList
cv.Subdiv2D.getVoronoiFacetList,void,idx,facetList,facetCenters
cv.Subdiv2D.getVertex,Point2f,vertex,firstEdge
cv.Subdiv2D.getEdge,int,edge,nextEdgeType
cv.Subdiv2D.nextEdge,int,edge
cv.Subdiv2D.rotateEdge,int,edge,rotate
cv.Subdiv2D.symEdge,int,edge
cv.Subdiv2D.edgeOrg,int,edge,orgpt
cv.Subdiv2D.edgeDst,int,edge,dstpt
cv.LineSegmentDetector.detect,void,_image,_lines,width,prec,nfa
cv.LineSegmentDetector.detect,void,_image,_lines,width,prec,nfa
cv.LineSegmentDetector.drawSegments,void,_image,lines
cv.LineSegmentDetector.drawSegments,void,_image,lines
cv.LineSegmentDetector.compareSegments,int,size,lines1,lines2,_image
cv.LineSegmentDetector.compareSegments,int,size,lines1,lines2,_image
cv.createLineSegmentDetector,Ptr_LineSegmentDetector,_refine,_scale,_sigma_scale,_quant,_ang_th,_log_eps,_density_th,_n_bins
cv.getGaussianKernel,Mat,ksize,sigma,ktype
cv.getDerivKernels,void,kx,ky,dx,dy,ksize,normalize,ktype
cv.getDerivKernels,void,kx,ky,dx,dy,ksize,normalize,ktype
cv.getGaborKernel,Mat,ksize,sigma,theta,lambd,gamma,psi,ktype
cv.getStructuringElement,Mat,shape,ksize,anchor
cv.medianBlur,void,src,dst,ksize
cv.medianBlur,void,src,dst,ksize
cv.GaussianBlur,void,src,dst,ksize,sigmaX,sigmaY,borderType
cv.GaussianBlur,void,src,dst,ksize,sigmaX,sigmaY,borderType
cv.bilateralFilter,void,src,dst,d,sigmaColor,sigmaSpace,borderType
cv.bilateralFilter,void,src,dst,d,sigmaColor,sigmaSpace,borderType
cv.boxFilter,void,src,dst,ddepth,ksize,anchor,normalize,borderType
cv.boxFilter,void,src,dst,ddepth,ksize,anchor,normalize,borderType
cv.sqrBoxFilter,void,src,dst,ddepth,ksize,anchor,normalize,borderType
cv.sqrBoxFilter,void,src,dst,ddepth,ksize,anchor,normalize,borderType
cv.blur,void,src,dst,ksize,anchor,borderType
cv.blur,void,src,dst,ksize,anchor,borderType
cv.filter2D,void,src,dst,ddepth,kernel,anchor,delta,borderType
cv.filter2D,void,src,dst,ddepth,kernel,anchor,delta,borderType
cv.sepFilter2D,void,src,dst,ddepth,kernelX,kernelY,anchor,delta,borderType
cv.sepFilter2D,void,src,dst,ddepth,kernelX,kernelY,anchor,delta,borderType
cv.Sobel,void,src,dst,ddepth,dx,dy,ksize,scale,delta,borderType
cv.Sobel,void,src,dst,ddepth,dx,dy,ksize,scale,delta,borderType
cv.spatialGradient,void,src,dx,dy,ksize,borderType
cv.spatialGradient,void,src,dx,dy,ksize,borderType
cv.Scharr,void,src,dst,ddepth,dx,dy,scale,delta,borderType
cv.Scharr,void,src,dst,ddepth,dx,dy,scale,delta,borderType
cv.Laplacian,void,src,dst,ddepth,ksize,scale,delta,borderType
cv.Laplacian,void,src,dst,ddepth,ksize,scale,delta,borderType
cv.Canny,void,image,edges,threshold1,threshold2,apertureSize,L2gradient
cv.Canny,void,image,edges,threshold1,threshold2,apertureSize,L2gradient
cv.Canny,void,dx,dy,edges,threshold1,threshold2,L2gradient
cv.Canny,void,dx,dy,edges,threshold1,threshold2,L2gradient
cv.cornerMinEigenVal,void,src,dst,blockSize,ksize,borderType
cv.cornerMinEigenVal,void,src,dst,blockSize,ksize,borderType
cv.cornerHarris,void,src,dst,blockSize,ksize,k,borderType
cv.cornerHarris,void,src,dst,blockSize,ksize,k,borderType
cv.cornerEigenValsAndVecs,void,src,dst,blockSize,ksize,borderType
cv.cornerEigenValsAndVecs,void,src,dst,blockSize,ksize,borderType
cv.preCornerDetect,void,src,dst,ksize,borderType
cv.preCornerDetect,void,src,dst,ksize,borderType
cv.cornerSubPix,void,image,corners,winSize,zeroZone,criteria
cv.cornerSubPix,void,image,corners,winSize,zeroZone,criteria
cv.goodFeaturesToTrack,void,image,corners,maxCorners,qualityLevel,minDistance,mask,blockSize,useHarrisDetector,k
cv.goodFeaturesToTrack,void,image,corners,maxCorners,qualityLevel,minDistance,mask,blockSize,useHarrisDetector,k
cv.goodFeaturesToTrack,void,image,corners,maxCorners,qualityLevel,minDistance,mask,blockSize,gradientSize,useHarrisDetector,k
cv.goodFeaturesToTrack,void,image,corners,maxCorners,qualityLevel,minDistance,mask,blockSize,gradientSize,useHarrisDetector,k
cv.HoughLines,void,image,lines,rho,theta,threshold,srn,stn,min_theta,max_theta
cv.HoughLines,void,image,lines,rho,theta,threshold,srn,stn,min_theta,max_theta
cv.HoughLinesP,void,image,lines,rho,theta,threshold,minLineLength,maxLineGap
cv.HoughLinesP,void,image,lines,rho,theta,threshold,minLineLength,maxLineGap
cv.HoughLinesPointSet,void,_point,_lines,lines_max,threshold,min_rho,max_rho,rho_step,min_theta,max_theta,theta_step
cv.HoughLinesPointSet,void,_point,_lines,lines_max,threshold,min_rho,max_rho,rho_step,min_theta,max_theta,theta_step
cv.HoughCircles,void,image,circles,method,dp,minDist,param1,param2,minRadius,maxRadius
cv.HoughCircles,void,image,circles,method,dp,minDist,param1,param2,minRadius,maxRadius
cv.erode,void,src,dst,kernel,anchor,iterations,borderType,borderValue
cv.erode,void,src,dst,kernel,anchor,iterations,borderType,borderValue
cv.dilate,void,src,dst,kernel,anchor,iterations,borderType,borderValue
cv.dilate,void,src,dst,kernel,anchor,iterations,borderType,borderValue
cv.morphologyEx,void,src,dst,op,kernel,anchor,iterations,borderType,borderValue
cv.morphologyEx,void,src,dst,op,kernel,anchor,iterations,borderType,borderValue
cv.resize,void,src,dst,dsize,fx,fy,interpolation
cv.resize,void,src,dst,dsize,fx,fy,interpolation
cv.warpAffine,void,src,dst,M,dsize,flags,borderMode,borderValue
cv.warpAffine,void,src,dst,M,dsize,flags,borderMode,borderValue
cv.warpPerspective,void,src,dst,M,dsize,flags,borderMode,borderValue
cv.warpPerspective,void,src,dst,M,dsize,flags,borderMode,borderValue
cv.remap,void,src,dst,map1,map2,interpolation,borderMode,borderValue
cv.remap,void,src,dst,map1,map2,interpolation,borderMode,borderValue
cv.convertMaps,void,map1,map2,dstmap1,dstmap2,dstmap1type,nninterpolation
cv.convertMaps,void,map1,map2,dstmap1,dstmap2,dstmap1type,nninterpolation
cv.getRotationMatrix2D,Mat,center,angle,scale
cv.invertAffineTransform,void,M,iM
cv.invertAffineTransform,void,M,iM
cv.getPerspectiveTransform,Mat,src,dst,solveMethod
cv.getPerspectiveTransform,Mat,src,dst,solveMethod
cv.getAffineTransform,Mat,src,dst
cv.getAffineTransform,Mat,src,dst
cv.getRectSubPix,void,image,patchSize,center,patch,patchType
cv.getRectSubPix,void,image,patchSize,center,patch,patchType
cv.logPolar,void,src,dst,center,M,flags
cv.logPolar,void,src,dst,center,M,flags
cv.linearPolar,void,src,dst,center,maxRadius,flags
cv.linearPolar,void,src,dst,center,maxRadius,flags
cv.warpPolar,void,src,dst,dsize,center,maxRadius,flags
cv.warpPolar,void,src,dst,dsize,center,maxRadius,flags
cv.integral,void,src,sum,sdepth
cv.integral,void,src,sum,sdepth
cv.integral,void,src,sum,sqsum,sdepth,sqdepth
cv.integral,void,src,sum,sqsum,sdepth,sqdepth
cv.integral,void,src,sum,sqsum,tilted,sdepth,sqdepth
cv.integral,void,src,sum,sqsum,tilted,sdepth,sqdepth
cv.accumulate,void,src,dst,mask
cv.accumulate,void,src,dst,mask
cv.accumulateSquare,void,src,dst,mask
cv.accumulateSquare,void,src,dst,mask
cv.accumulateProduct,void,src1,src2,dst,mask
cv.accumulateProduct,void,src1,src2,dst,mask
cv.accumulateWeighted,void,src,dst,alpha,mask
cv.accumulateWeighted,void,src,dst,alpha,mask
cv.phaseCorrelate,Point2d,src1,src2,window,response
cv.phaseCorrelate,Point2d,src1,src2,window,response
cv.createHanningWindow,void,dst,winSize,type
cv.createHanningWindow,void,dst,winSize,type
cv.threshold,double,src,dst,thresh,maxval,type
cv.threshold,double,src,dst,thresh,maxval,type
cv.adaptiveThreshold,void,src,dst,maxValue,adaptiveMethod,thresholdType,blockSize,C
cv.adaptiveThreshold,void,src,dst,maxValue,adaptiveMethod,thresholdType,blockSize,C
cv.pyrDown,void,src,dst,dstsize,borderType
cv.pyrDown,void,src,dst,dstsize,borderType
cv.pyrUp,void,src,dst,dstsize,borderType
cv.pyrUp,void,src,dst,dstsize,borderType
cv.calcHist,void,images,channels,mask,hist,histSize,ranges,accumulate
cv.calcHist,void,images,channels,mask,hist,histSize,ranges,accumulate
cv.calcBackProject,void,images,channels,hist,dst,ranges,scale
cv.calcBackProject,void,images,channels,hist,dst,ranges,scale
cv.compareHist,double,H1,H2,method
cv.compareHist,double,H1,H2,method
cv.equalizeHist,void,src,dst
cv.equalizeHist,void,src,dst
cv.createCLAHE,Ptr_CLAHE,clipLimit,tileGridSize
cv.wrapperEMD,float,signature1,signature2,distType,cost,lowerBound,flow
cv.wrapperEMD,float,signature1,signature2,distType,cost,lowerBound,flow
cv.watershed,void,image,markers
cv.watershed,void,image,markers
cv.pyrMeanShiftFiltering,void,src,dst,sp,sr,maxLevel,termcrit
cv.pyrMeanShiftFiltering,void,src,dst,sp,sr,maxLevel,termcrit
cv.grabCut,void,img,mask,rect,bgdModel,fgdModel,iterCount,mode
cv.grabCut,void,img,mask,rect,bgdModel,fgdModel,iterCount,mode
cv.distanceTransform,void,src,dst,labels,distanceType,maskSize,labelType
cv.distanceTransform,void,src,dst,labels,distanceType,maskSize,labelType
cv.distanceTransform,void,src,dst,distanceType,maskSize,dstType
cv.distanceTransform,void,src,dst,distanceType,maskSize,dstType
cv.floodFill,int,image,mask,seedPoint,newVal,rect,loDiff,upDiff,flags
cv.floodFill,int,image,mask,seedPoint,newVal,rect,loDiff,upDiff,flags
cv.cvtColor,void,src,dst,code,dstCn
cv.cvtColor,void,src,dst,code,dstCn
cv.cvtColorTwoPlane,void,src1,src2,dst,code
cv.cvtColorTwoPlane,void,src1,src2,dst,code
cv.demosaicing,void,src,dst,code,dstCn
cv.demosaicing,void,src,dst,code,dstCn
cv.moments,Moments,array,binaryImage
cv.moments,Moments,array,binaryImage
cv.HuMoments,void,m,hu
cv.HuMoments,void,m,hu
cv.matchTemplate,void,image,templ,result,method,mask
cv.matchTemplate,void,image,templ,result,method,mask
cv.connectedComponents,int,image,labels,connectivity,ltype,ccltype
cv.connectedComponents,int,image,labels,connectivity,ltype,ccltype
cv.connectedComponents,int,image,labels,connectivity,ltype
cv.connectedComponents,int,image,labels,connectivity,ltype
cv.connectedComponentsWithStats,int,image,labels,stats,centroids,connectivity,ltype,ccltype
cv.connectedComponentsWithStats,int,image,labels,stats,centroids,connectivity,ltype,ccltype
cv.connectedComponentsWithStats,int,image,labels,stats,centroids,connectivity,ltype
cv.connectedComponentsWithStats,int,image,labels,stats,centroids,connectivity,ltype
cv.findContours,void,image,contours,hierarchy,mode,method,offset
cv.findContours,void,image,contours,hierarchy,mode,method,offset
cv.approxPolyDP,void,curve,approxCurve,epsilon,closed
cv.approxPolyDP,void,curve,approxCurve,epsilon,closed
cv.arcLength,double,curve,closed
cv.arcLength,double,curve,closed
cv.boundingRect,Rect,array
cv.boundingRect,Rect,array
cv.contourArea,double,contour,oriented
cv.contourArea,double,contour,oriented
cv.minAreaRect,RotatedRect,points
cv.minAreaRect,RotatedRect,points
cv.boxPoints,void,box,points
cv.boxPoints,void,box,points
cv.minEnclosingCircle,void,points,center,radius
cv.minEnclosingCircle,void,points,center,radius
cv.minEnclosingTriangle,double,points,triangle
cv.minEnclosingTriangle,double,points,triangle
cv.matchShapes,double,contour1,contour2,method,parameter
cv.matchShapes,double,contour1,contour2,method,parameter
cv.convexHull,void,points,hull,clockwise,returnPoints
cv.convexHull,void,points,hull,clockwise,returnPoints
cv.convexityDefects,void,contour,convexhull,convexityDefects
cv.convexityDefects,void,contour,convexhull,convexityDefects
cv.isContourConvex,bool,contour
cv.isContourConvex,bool,contour
cv.intersectConvexConvex,float,_p1,_p2,_p12,handleNested
cv.intersectConvexConvex,float,_p1,_p2,_p12,handleNested
cv.fitEllipse,RotatedRect,points
cv.fitEllipse,RotatedRect,points
cv.fitEllipseAMS,RotatedRect,points
cv.fitEllipseAMS,RotatedRect,points
cv.fitEllipseDirect,RotatedRect,points
cv.fitEllipseDirect,RotatedRect,points
cv.fitLine,void,points,line,distType,param,reps,aeps
cv.fitLine,void,points,line,distType,param,reps,aeps
cv.pointPolygonTest,double,contour,pt,measureDist
cv.pointPolygonTest,double,contour,pt,measureDist
cv.rotatedRectangleIntersection,int,rect1,rect2,intersectingRegion
cv.rotatedRectangleIntersection,int,rect1,rect2,intersectingRegion
cv.createGeneralizedHoughBallard,Ptr_GeneralizedHoughBallard
cv.createGeneralizedHoughGuil,Ptr_GeneralizedHoughGuil
cv.applyColorMap,void,src,dst,colormap
cv.applyColorMap,void,src,dst,colormap
cv.applyColorMap,void,src,dst,userColor
cv.applyColorMap,void,src,dst,userColor
cv.line,void,img,pt1,pt2,color,thickness,lineType,shift
cv.line,void,img,pt1,pt2,color,thickness,lineType,shift
cv.arrowedLine,void,img,pt1,pt2,color,thickness,line_type,shift,tipLength
cv.arrowedLine,void,img,pt1,pt2,color,thickness,line_type,shift,tipLength
cv.rectangle,void,img,pt1,pt2,color,thickness,lineType,shift
cv.rectangle,void,img,pt1,pt2,color,thickness,lineType,shift
cv.rectangle,void,img,rec,color,thickness,lineType,shift
cv.rectangle,void,img,rec,color,thickness,lineType,shift
cv.circle,void,img,center,radius,color,thickness,lineType,shift
cv.circle,void,img,center,radius,color,thickness,lineType,shift
cv.ellipse,void,img,center,axes,angle,startAngle,endAngle,color,thickness,lineType,shift
cv.ellipse,void,img,center,axes,angle,startAngle,endAngle,color,thickness,lineType,shift
cv.ellipse,void,img,box,color,thickness,lineType
cv.ellipse,void,img,box,color,thickness,lineType
cv.drawMarker,void,img,position,color,markerType,markerSize,thickness,line_type
cv.drawMarker,void,img,position,color,markerType,markerSize,thickness,line_type
cv.fillConvexPoly,void,img,points,color,lineType,shift
cv.fillConvexPoly,void,img,points,color,lineType,shift
cv.fillPoly,void,img,pts,color,lineType,shift,offset
cv.fillPoly,void,img,pts,color,lineType,shift,offset
cv.polylines,void,img,pts,isClosed,color,thickness,lineType,shift
cv.polylines,void,img,pts,isClosed,color,thickness,lineType,shift
cv.drawContours,void,image,contours,contourIdx,color,thickness,lineType,hierarchy,maxLevel,offset
cv.drawContours,void,image,contours,contourIdx,color,thickness,lineType,hierarchy,maxLevel,offset
cv.clipLine,bool,imgRect,pt1,pt2
cv.ellipse2Poly,void,center,axes,angle,arcStart,arcEnd,delta,pts
cv.putText,void,img,text,org,fontFace,fontScale,color,thickness,lineType,bottomLeftOrigin
cv.putText,void,img,text,org,fontFace,fontScale,color,thickness,lineType,bottomLeftOrigin
cv.getTextSize,Size,text,fontFace,fontScale,thickness,baseLine
cv.getFontScaleFromHeight,double,fontFace,pixelHeight,thickness
['struct cv.dnn.DictValue', '', [], [], None, '@brief This struct stores the scalar value (or array) of one of the following type: double, cv::String or int64.\n *  @todo Maybe int64 is useless because double type exactly stores at least 2^52 integers.']
cv.dnn.DictValue.DictValue,,i
cv.dnn.DictValue.DictValue,,p
cv.dnn.DictValue.DictValue,,s
cv.dnn.DictValue.isInt,bool
cv.dnn.DictValue.isString,bool
cv.dnn.DictValue.isReal,bool
cv.dnn.DictValue.getIntValue,int,idx
cv.dnn.DictValue.getRealValue,double,idx
cv.dnn.DictValue.getStringValue,String,idx
cv.dnn.getAvailableTargets,vector_Target,be
cv.dnn.Layer.finalize,void,inputs,outputs
cv.dnn.Layer.finalize,void,inputs,outputs
cv.dnn.Layer.run,void,inputs,outputs,internals
cv.dnn.Layer.run,void,inputs,outputs,internals
cv.dnn.Layer.outputNameToIndex,int,outputName
cv.dnn.Net.Net,
cv.dnn.Net.readFromModelOptimizer,Net,xml,bin
cv.dnn.Net.readFromModelOptimizer,Net,bufferModelConfig,bufferWeights
cv.dnn.Net.empty,bool
cv.dnn.Net.dump,String
cv.dnn.Net.dumpToFile,void,path
cv.dnn.Net.getLayerId,int,layer
cv.dnn.Net.getLayerNames,vector_String
cv.dnn.Net.getLayer,Ptr_Layer,layerId
cv.dnn.Net.connect,void,outPin,inpPin
cv.dnn.Net.setInputsNames,void,inputBlobNames
cv.dnn.Net.setInputShape,void,inputName,shape
cv.dnn.Net.forward,Mat,outputName
cv.dnn.Net.forwardAsync,AsyncArray,outputName
cv.dnn.Net.forward,void,outputBlobs,outputName
cv.dnn.Net.forward,void,outputBlobs,outputName
cv.dnn.Net.forward,void,outputBlobs,outBlobNames
cv.dnn.Net.forward,void,outputBlobs,outBlobNames
cv.dnn.Net.forward,void,outputBlobs,outBlobNames
cv.dnn.Net.setHalideScheduler,void,scheduler
cv.dnn.Net.setPreferableBackend,void,backendId
cv.dnn.Net.setPreferableTarget,void,targetId
cv.dnn.Net.setInput,void,blob,name,scalefactor,mean
cv.dnn.Net.setInput,void,blob,name,scalefactor,mean
cv.dnn.Net.setParam,void,layer,numParam,blob
cv.dnn.Net.setParam,void,layer,numParam,blob
cv.dnn.Net.getParam,Mat,layer,numParam
cv.dnn.Net.getUnconnectedOutLayers,vector_int
cv.dnn.Net.getUnconnectedOutLayersNames,vector_String
cv.dnn.Net.getLayersShapes,void,netInputShapes,layersIds,inLayersShapes,outLayersShapes
cv.dnn.Net.getLayersShapes,void,netInputShape,layersIds,inLayersShapes,outLayersShapes
cv.dnn.Net.getFLOPS,int64,netInputShapes
cv.dnn.Net.getFLOPS,int64,netInputShape
cv.dnn.Net.getFLOPS,int64,layerId,netInputShapes
cv.dnn.Net.getFLOPS,int64,layerId,netInputShape
cv.dnn.Net.getLayerTypes,void,layersTypes
cv.dnn.Net.getLayersCount,int,layerType
cv.dnn.Net.getMemoryConsumption,void,netInputShape,weights,blobs
cv.dnn.Net.getMemoryConsumption,void,layerId,netInputShapes,weights,blobs
cv.dnn.Net.getMemoryConsumption,void,layerId,netInputShape,weights,blobs
cv.dnn.Net.enableFusion,void,fusion
cv.dnn.Net.getPerfProfile,int64,timings
cv.dnn.readNetFromDarknet,Net,cfgFile,darknetModel
cv.dnn.readNetFromDarknet,Net,bufferCfg,bufferModel
cv.dnn.readNetFromCaffe,Net,prototxt,caffeModel
cv.dnn.readNetFromCaffe,Net,bufferProto,bufferModel
cv.dnn.readNetFromTensorflow,Net,model,config
cv.dnn.readNetFromTensorflow,Net,bufferModel,bufferConfig
cv.dnn.readNetFromTorch,Net,model,isBinary,evaluate
cv.dnn.readNet,Net,model,config,framework
cv.dnn.readNet,Net,framework,bufferModel,bufferConfig
cv.dnn.readTorchBlob,Mat,filename,isBinary
cv.dnn.readNetFromModelOptimizer,Net,xml,bin
cv.dnn.readNetFromModelOptimizer,Net,bufferModelConfig,bufferWeights
cv.dnn.readNetFromONNX,Net,onnxFile
cv.dnn.readNetFromONNX,Net,buffer
cv.dnn.readTensorFromONNX,Mat,path
cv.dnn.blobFromImage,Mat,image,scalefactor,size,mean,swapRB,crop,ddepth
cv.dnn.blobFromImage,Mat,image,scalefactor,size,mean,swapRB,crop,ddepth
cv.dnn.blobFromImages,Mat,images,scalefactor,size,mean,swapRB,crop,ddepth
cv.dnn.blobFromImages,Mat,images,scalefactor,size,mean,swapRB,crop,ddepth
cv.dnn.imagesFromBlob,void,blob_,images_
cv.dnn.imagesFromBlob,void,blob_,images_
cv.dnn.shrinkCaffeModel,void,src,dst,layersTypes
cv.dnn.writeTextGraph,void,model,output
cv.dnn.NMSBoxes,void,bboxes,scores,score_threshold,nms_threshold,indices,eta,top_k
cv.dnn.NMSBoxes,void,bboxes,scores,score_threshold,nms_threshold,indices,eta,top_k
cv.dnn.Model.Model,,model,config
cv.dnn.Model.Model,,network
cv.dnn.Model.setInputSize,Model,size
cv.dnn.Model.setInputSize,Model,width,height
cv.dnn.Model.setInputMean,Model,mean
cv.dnn.Model.setInputScale,Model,scale
cv.dnn.Model.setInputCrop,Model,crop
cv.dnn.Model.setInputSwapRB,Model,swapRB
cv.dnn.Model.setInputParams,void,scale,size,mean,swapRB,crop
cv.dnn.Model.predict,void,frame,outs
cv.dnn.Model.predict,void,frame,outs
cv.dnn.ClassificationModel.ClassificationModel,,model,config
cv.dnn.ClassificationModel.ClassificationModel,,network
cv.dnn.ClassificationModel.classify,void,frame,classId,conf
cv.dnn.ClassificationModel.classify,void,frame,classId,conf
cv.dnn.KeypointsModel.KeypointsModel,,model,config
cv.dnn.KeypointsModel.KeypointsModel,,network
cv.dnn.KeypointsModel.estimate,vector_Point2f,frame,thresh
cv.dnn.KeypointsModel.estimate,vector_Point2f,frame,thresh
cv.dnn.SegmentationModel.SegmentationModel,,model,config
cv.dnn.SegmentationModel.SegmentationModel,,network
cv.dnn.SegmentationModel.segment,void,frame,mask
cv.dnn.SegmentationModel.segment,void,frame,mask
cv.dnn.DetectionModel.DetectionModel,,model,config
cv.dnn.DetectionModel.DetectionModel,,network
cv.dnn.DetectionModel.detect,void,frame,classIds,confidences,boxes,confThreshold,nmsThreshold
cv.dnn.DetectionModel.detect,void,frame,classIds,confidences,boxes,confThreshold,nmsThreshold
cv.imread,Mat,filename,flags
cv.imreadmulti,bool,filename,mats,flags
cv.imreadmulti,bool,filename,mats,flags
cv.imwrite,bool,filename,img,params
cv.imwrite,bool,filename,img,params
cv.imdecode,Mat,buf,flags
cv.imdecode,Mat,buf,flags
cv.imencode,bool,ext,img,buf,params
cv.imencode,bool,ext,img,buf,params
cv.haveImageReader,bool,filename
cv.haveImageWriter,bool,filename
cv.VideoCapture.VideoCapture,
cv.VideoCapture.VideoCapture,explicit,filename,apiPreference
cv.VideoCapture.VideoCapture,explicit,index,apiPreference
cv.VideoCapture.open,bool,filename,apiPreference
cv.VideoCapture.open,bool,index,apiPreference
cv.VideoCapture.isOpened,bool
cv.VideoCapture.release,void
cv.VideoCapture.grab,bool
cv.VideoCapture.retrieve,bool,image,flag
cv.VideoCapture.retrieve,bool,image,flag
cv.VideoCapture.read,bool,image
cv.VideoCapture.read,bool,image
cv.VideoCapture.set,bool,propId,value
cv.VideoCapture.get,double,propId
cv.VideoCapture.getBackendName,String
cv.VideoCapture.setExceptionMode,void,enable
cv.VideoCapture.getExceptionMode,bool
cv.VideoWriter.VideoWriter,
cv.VideoWriter.VideoWriter,,filename,fourcc,fps,frameSize,isColor
cv.VideoWriter.VideoWriter,,filename,apiPreference,fourcc,fps,frameSize,isColor
cv.VideoWriter.VideoWriter,,filename,fourcc,fps,frameSize,params
cv.VideoWriter.VideoWriter,,filename,apiPreference,fourcc,fps,frameSize,params
cv.VideoWriter.open,bool,filename,fourcc,fps,frameSize,isColor
cv.VideoWriter.open,bool,filename,apiPreference,fourcc,fps,frameSize,isColor
cv.VideoWriter.open,bool,filename,fourcc,fps,frameSize,params
cv.VideoWriter.open,bool,filename,apiPreference,fourcc,fps,frameSize,params
cv.VideoWriter.isOpened,bool
cv.VideoWriter.release,void
cv.VideoWriter.write,void,image
cv.VideoWriter.write,void,image
cv.VideoWriter.set,bool,propId,value
cv.VideoWriter.get,double,propId
cv.VideoWriter.fourcc,int,c1,c2,c3,c4
cv.VideoWriter.getBackendName,String
cv.videoio_registry.getBackendName,String,api
cv.videoio_registry.getBackends,vector_VideoCaptureAPIs
cv.videoio_registry.getCameraBackends,vector_VideoCaptureAPIs
cv.videoio_registry.getStreamBackends,vector_VideoCaptureAPIs
cv.videoio_registry.getWriterBackends,vector_VideoCaptureAPIs
cv.namedWindow,void,winname,flags
cv.destroyWindow,void,winname
cv.destroyAllWindows,void
cv.startWindowThread,int
cv.waitKeyEx,int,delay
cv.waitKey,int,delay
cv.imshow,void,winname,mat
cv.imshow,void,winname,mat
cv.resizeWindow,void,winname,width,height
cv.resizeWindow,void,winname,size
cv.moveWindow,void,winname,x,y
cv.setWindowProperty,void,winname,prop_id,prop_value
cv.setWindowTitle,void,winname,title
cv.getWindowProperty,double,winname,prop_id
cv.getWindowImageRect,Rect,winname
cv.selectROI,Rect,windowName,img,showCrosshair,fromCenter
cv.selectROI,Rect,windowName,img,showCrosshair,fromCenter
cv.selectROI,Rect,img,showCrosshair,fromCenter
cv.selectROI,Rect,img,showCrosshair,fromCenter
cv.selectROIs,void,windowName,img,boundingBoxes,showCrosshair,fromCenter
cv.selectROIs,void,windowName,img,boundingBoxes,showCrosshair,fromCenter
cv.getTrackbarPos,int,trackbarname,winname
cv.setTrackbarPos,void,trackbarname,winname,pos
cv.setTrackbarMax,void,trackbarname,winname,maxval
cv.setTrackbarMin,void,trackbarname,winname,minval
cv.addText,void,img,text,org,nameFont,pointSize,color,weight,style,spacing
cv.addText,void,img,text,org,nameFont,pointSize,color,weight,style,spacing
cv.displayOverlay,void,winname,text,delayms
cv.displayStatusBar,void,winname,text,delayms
['=distanceTransformWithLabels', '/V', '=getNode', '=EMD', '=sumElems', '=integral3', '=forwardAndRetrieve', '=at', '=connectedComponentsWithAlgorithm', '/S', '/PV', '/Ref', '=connectedComponentsWithStatsWithAlgorithm', '=PCACompute2', '=integral2', '/C', '/O', '/IO', '/phantom', '=NMSBoxesRotated']
1250
namespaces: cv cv.Error cv.cuda cv.cudev cv.detail cv.details cv.directx cv.directx.ocl cv.dnn cv.dnn.<unnamed> cv.dnn.CV__DNN_INLINE_NS cv.hal cv.internal cv.ipp cv.ocl cv.ocl.internal cv.ogl cv.ogl.ocl cv.samples cv.sfinae cv.traits cv.traits.internal cv.utils cv.va_intel cv.va_intel.ocl cv.videoio_registry
